{"graph": {"_type": "graph-file", "path": "media/graph/graph_summary_65b77c3d.graph.json", "sha256": "65b77c3db8bdc0b78ce226205c76c4ce90630b0be390255f7cf73c85ef00b5da", "size": 730}, "epoch": 69, "_step": 69, "_runtime": 14.707224369049072, "accuracy": 0.8517763614654541, "_timestamp": 1594761085.9402978, "loss": 27.76063346862793}
