{"graph": {"_type": "graph-file", "path": "media/graph/graph_summary_81b1b800.graph.json", "sha256": "81b1b800d3882e7d693759de6a1284a142a282b119773fdb3c9cecb7304ec7a9", "size": 733}, "loss": 0.17322976887226105, "epoch": 94, "_runtime": 79.41348481178284, "_timestamp": 1595867063.58239, "_step": 94, "accuracy": 0.7091570496559143}
