{"graph": {"_type": "graph-file", "path": "media/graph/graph_summary_838691d2.graph.json", "sha256": "838691d2230cefaf8976e9533cc7c4212d524cbda2bede8b37e9ecd86d7e875a", "size": 745}, "_step": 69, "accuracy": 0.8807525038719177, "_timestamp": 1595109562.863001, "_runtime": 15.007401466369629, "loss": 15.133110046386719, "epoch": 69}
