{"graph": {"_type": "graph-file", "path": "media/graph/graph_summary_fd3d8e52.graph.json", "sha256": "fd3d8e52e42a64432947fd7589f80ac844ffbe1630df67868e4f5791ce3a1cbf", "size": 726}, "epoch": 69, "_runtime": 135.29767394065857, "loss": 1.3805301189422607, "_timestamp": 1595166233.8531845, "accuracy": 0.0, "_step": 69}
