{"graph": {"_type": "graph-file", "path": "media/graph/graph_summary_fd3d8e52.graph.json", "sha256": "fd3d8e52e42a64432947fd7589f80ac844ffbe1630df67868e4f5791ce3a1cbf", "size": 726}, "_timestamp": 1595358615.7000644, "epoch": 69, "_step": 69, "loss": 0.03778788447380066, "_runtime": 15.060666799545288}
