{"graph": {"_type": "graph-file", "path": "media/graph/graph_summary_7fc4629d.graph.json", "sha256": "7fc4629d7a640ad0d8173a68668a6a6bc60341d2a38eaf4aeee53eeffb73d0b6", "size": 745}, "_timestamp": 1595360904.3136723, "accuracy": 0.989001452922821, "epoch": 109, "_step": 109, "loss": 0.3318842947483063, "_runtime": 23.226309776306152}
