{"graph": {"_type": "graph-file", "path": "media/graph/graph_summary_fd3d8e52.graph.json", "sha256": "fd3d8e52e42a64432947fd7589f80ac844ffbe1630df67868e4f5791ce3a1cbf", "size": 726}, "accuracy": 0.9441389441490173, "_timestamp": 1595450595.5010412, "_runtime": 22.24565815925598, "epoch": 109, "loss": 0.02242228575050831, "_step": 109}
