{"graph": {"_type": "graph-file", "path": "media/graph/graph_summary_f01ee470.graph.json", "sha256": "f01ee470f0401d976247b492266eb3a49c7e4a4cb33802437e778b155c981b6b", "size": 590}, "_timestamp": 1595016310.8981993, "epoch": 29, "_runtime": 17.315144777297974, "accuracy": 0.5678571462631226, "loss": 0.685065507888794, "_step": 29}
