{"graph": {"_type": "graph-file", "path": "media/graph/graph_summary_5a614249.graph.json", "sha256": "5a6142490b3ee24e4e87efd53b5d6b0b6d9e69462b613f891d51f886d011dad8", "size": 726}, "_timestamp": 1595016363.3627524, "epoch": 29, "_runtime": 17.673173189163208, "accuracy": 0.48469388484954834, "loss": 0.693220317363739, "_step": 29}
