{"graph": {"_type": "graph-file", "path": "media/graph/graph_summary_838691d2.graph.json", "sha256": "838691d2230cefaf8976e9533cc7c4212d524cbda2bede8b37e9ecd86d7e875a", "size": 745}, "_timestamp": 1595360958.5805533, "accuracy": 0.9837915897369385, "epoch": 84, "_step": 84, "loss": 0.4657996892929077, "_runtime": 18.085761308670044}
