{"graph": {"_type": "graph-file", "path": "media/graph/graph_summary_bd84688c.graph.json", "sha256": "bd84688c1572c7ad3c8c4d8ee3b330d6cc299b893d9d11fbf1389cb4eadca196", "size": 734}, "_timestamp": 1595359503.6163955, "accuracy": 0.9736613631248474, "epoch": 119, "_step": 119, "loss": 4600.78369140625, "_runtime": 44.68703246116638}
