{"graph": {"_type": "graph-file", "path": "media/graph/graph_summary_6aa2ce15.graph.json", "sha256": "6aa2ce1540bcb0518c96325256ebdfb0dce7da42e8e2651a62ab87fc73217daf", "size": 744}, "epoch": 69, "_runtime": 13.454057216644287, "loss": 30.24753761291504, "_timestamp": 1595168257.3303654, "_step": 69}
