{"graph": {"_type": "graph-file", "path": "media/graph/graph_summary_c35cad85.graph.json", "sha256": "c35cad852b816954b714af9fc597e50fc9a8ec7f459be8e9bcae81387bf5e037", "size": 733}, "epoch": 69, "_runtime": 14.531289339065552, "loss": 1.7723764181137085, "_timestamp": 1595167680.0422814, "accuracy": 0.0, "_step": 69}
