{"graph": {"_type": "graph-file", "path": "media/graph/graph_summary_40c5c860.graph.json", "sha256": "40c5c860444528ad3222c529e03705a12cca208ca0bb54e53e339151a1957494", "size": 744}, "epoch": 109, "_runtime": 19.382653951644897, "loss": 5.9993815422058105, "_timestamp": 1595168285.1232789, "_step": 109}
