{"graph": {"_type": "graph-file", "path": "media/graph/graph_summary_144a4404.graph.json", "sha256": "144a440418c4a0de887df4fdbe57ee126dddedc5c0564d689bdc581c4a714162", "size": 576}, "epoch": 29, "loss": 0.07206334173679352, "_timestamp": 1595086371.9699714, "_step": 29, "_runtime": 12.184149265289307, "accuracy": 0.9721938967704773}
