{"graph": {"path": "media/graph/graph_summary_5e2ea084.graph.json", "size": 604, "_type": "graph-file", "sha256": "5e2ea0846952c0ee839ffc4186a955090e9256f76610b3826d3928abb4981ac7"}, "_timestamp": 1595018178.8719568, "epoch": 29, "_runtime": 14.626404762268066, "accuracy": 0.9846938848495485, "loss": 0.04692280665040016, "_step": 29}
