{"graph": {"_type": "graph-file", "path": "media/graph/graph_summary_7fc4629d.graph.json", "sha256": "7fc4629d7a640ad0d8173a68668a6a6bc60341d2a38eaf4aeee53eeffb73d0b6", "size": 745}, "_step": 29, "accuracy": 0.6862518191337585, "_timestamp": 1595109521.6993628, "_runtime": 10.945470571517944, "loss": 73.49225616455078, "epoch": 29}
