{"graph": {"_type": "graph-file", "path": "media/graph/graph_summary_c35cad85.graph.json", "sha256": "c35cad852b816954b714af9fc597e50fc9a8ec7f459be8e9bcae81387bf5e037", "size": 733}, "accuracy": 0.9409551620483398, "_timestamp": 1595452023.7849774, "_runtime": 20.56995725631714, "epoch": 94, "loss": 0.02616901323199272, "_step": 94}
