{"graph": {"_type": "graph-file", "path": "media/graph/graph_summary_c7b3ef9f.graph.json", "sha256": "c7b3ef9f57084d3a01b30a3e10588c273a526c16cbf6dacebdff4375aeee0290", "size": 745}, "loss": 98.48973846435547, "epoch": 69, "_runtime": 59.09562635421753, "_timestamp": 1595867263.7636895, "_step": 69, "accuracy": 0.7001819014549255}
