{"graph": {"_type": "graph-file", "path": "media/graph/graph_summary_c944ae04.graph.json", "sha256": "c944ae0441b00f1be2d0bafd02dc1739d97e3ce8513c1a49dc57735f7c8e906c", "size": 712}, "accuracy": 0.9415339827537537, "_timestamp": 1595450556.5995338, "_runtime": 15.123160362243652, "epoch": 69, "loss": 0.027982890605926514, "_step": 69}
