{"graph": {"_type": "graph-file", "path": "media/graph/graph_summary_df692cc6.graph.json", "sha256": "df692cc631627f959105ccecbab250d1f5bc2065e12e1902f65f91fd3244099a", "size": 576}, "_step": 29, "loss": 0.31337079405784607, "_runtime": 56.48211884498596, "accuracy": 0.8648731708526611, "_timestamp": 1595885256.5897157, "epoch": 29}
