{"graph": {"_type": "graph-file", "path": "media/graph/graph_summary_91477ce1.graph.json", "sha256": "91477ce18b82d8d279bc9627a885c8d8418088372cb686f8f4edaa5b3f9692fd", "size": 576}, "epoch": 29, "_step": 29, "_runtime": 15.884752988815308, "accuracy": 0.9738193154335022, "_timestamp": 1594760932.0545895, "loss": 0.06969193369150162}
