{"graph": {"_type": "graph-file", "path": "media/graph/graph_summary_c944ae04.graph.json", "sha256": "c944ae0441b00f1be2d0bafd02dc1739d97e3ce8513c1a49dc57735f7c8e906c", "size": 712}, "_timestamp": 1595358571.0839746, "epoch": 109, "_step": 109, "loss": 0.020328503102064133, "_runtime": 21.554762363433838}
