{"graph": {"_type": "graph-file", "path": "media/graph/graph_summary_59d1e680.graph.json", "sha256": "59d1e680ea6675270a57034c9cbcb77f63fac34147fcb33e892e02ce0d3b453d", "size": 727}, "epoch": 29, "_step": 29, "_runtime": 7.371052980422974, "accuracy": 0.698019802570343, "_timestamp": 1594761054.9013238, "loss": 76.61381530761719}
